Year,Alliance,Agency,Predicted Seats,Actual Seats
2011,TMC+INC,Star News - Nielsen (May),225,226
2011,LEFT FRONT,Star News - Nielsen (May),34,60
2011,BJP,Star News - Nielsen (May),2,0
2011,OTHERS,Star News - Nielsen (May),33,8
2011,TMC+INC,CNN-IBN - CSDS (May),228,226
2011,LEFT FRONT,CNN-IBN - CSDS (May),66,60
2011,BJP,CNN-IBN - CSDS (May),2,0
2011,OTHERS,CNN-IBN - CSDS (May),8,8
2011,TMC+INC,Headlines Today - ORG (May),210,226
2011,LEFT FRONT,Headlines Today - ORG (May),70,60
2011,BJP,Headlines Today - ORG (May),3,0
2011,OTHERS,Headlines Today - ORG (May),11,8
2011,TMC+INC,Star Ananda - Nielsen (May),200,226
2011,LEFT FRONT,Star Ananda - Nielsen (May),80,60
2011,BJP,Star Ananda - Nielsen (May),2,0
2011,OTHERS,Star Ananda - Nielsen (May),12,8
2011,TMC+INC,C-Voter (May),175,226
2011,LEFT FRONT,C-Voter (May),105,60
2011,BJP,C-Voter (May),3,0
2011,OTHERS,C-Voter (May),11,8
2011,TMC+INC,News24 - Chanakya (May),210,226
2011,LEFT FRONT,News24 - Chanakya (May),70,60
2011,BJP,News24 - Chanakya (May),1,0
2011,OTHERS,News24 - Chanakya (May),13,8
2011,TMC+INC,India TV - C-Voter (May),185,226
2011,LEFT FRONT,India TV - C-Voter (May),95,60
2011,BJP,India TV - C-Voter (May),3,0
2011,OTHERS,India TV - C-Voter (May),11,8
2011,TMC+INC,Average Estimate,205,226
2011,LEFT FRONT,Average Estimate,74,60
2011,BJP,Average Estimate,2,0
2011,OTHERS,Average Estimate,15,8
2016,TMC,Times Now - CVoter (Mar),160.0,211
2016,TMC,ABP - Neilson (Mar),178.0,211
2016,TMC,News Nation (Mar),167.0,211
2016,TMC,ETV Bangla (Mar),201.0,211
2016,TMC,Leadtech Infoelections (Feb),109.0,211
2016,TMC,ABP Ananda - Neilson (Feb),182.0,211
2016,TMC,India TV - CVoter (Feb),156.0,211
2016,TMC,Times Now - CVoter,167.0,211
2016,TMC,India Today - Axis,243.0,211
2016,TMC,ABP-Ananda,163.0,211
2016,TMC,NewsX - Chanakya,210.0,211
2016,TMC,News Nation,181.0,211
2016,TMC,NDTV,184.0,211
2016,CPIM+INC,Times Now - CVoter (Mar),127.0,71
2016,CPIM+INC,ABP - Neilson (Mar),110.0,71
2016,CPIM+INC,News Nation (Mar),125.0,71
2016,CPIM+INC,ETV Bangla (Mar),64.0,71
2016,CPIM+INC,Leadtech Infoelections (Feb),73.0,71
2016,CPIM+INC,ABP Ananda - Neilson (Feb),107.0,71
2016,CPIM+INC,India TV - CVoter (Feb),127.0,71
2016,CPIM+INC,Times Now - CVoter,110.0,71
2016,CPIM+INC,India Today - Axis,44.0,71
2016,CPIM+INC,ABP-Ananda,126.0,71
2016,CPIM+INC,NewsX - Chanakya,70.0,71
2016,CPIM+INC,News Nation,153.0,71
2016,CPIM+INC,NDTV,130.0,71
2016,BJP,Times Now - CVoter (Mar),4.0,3
2016,BJP,ABP - Neilson (Mar),1.0,3
2016,BJP,News Nation (Mar),2.0,3
2016,BJP,ETV Bangla (Mar),,3
2016,BJP,Leadtech Infoelections (Feb),109.0,3
2016,BJP,ABP Ananda - Neilson (Feb),0.0,3
2016,BJP,India TV - CVoter (Feb),,3
2016,BJP,Times Now - CVoter,4.0,3
2016,BJP,India Today - Axis,4.0,3
2016,BJP,ABP-Ananda,1.0,3
2016,BJP,NewsX - Chanakya,14.0,3
2016,BJP,News Nation,0.0,3
2016,BJP,NDTV,5.0,3
2016,OTHERS,Times Now - CVoter (Mar),2.0,9
2016,OTHERS,ABP - Neilson (Mar),5.0,9
2016,OTHERS,News Nation (Mar),3.0,9
2016,OTHERS,ETV Bangla (Mar),,9
2016,OTHERS,Leadtech Infoelections (Feb),3.0,9
2016,OTHERS,ABP Ananda - Neilson (Feb),5.0,9
2016,OTHERS,India TV - CVoter (Feb),11.0,9
2016,OTHERS,Times Now - CVoter,3.0,9
2016,OTHERS,India Today - Axis,3.0,9
2016,OTHERS,ABP-Ananda,4.0,9
2016,OTHERS,NewsX - Chanakya,0.0,9
2016,OTHERS,News Nation,0.0,9
2016,OTHERS,NDTV,2.0,9
2021,TMC/TMC+,ABP-C Voter,158,215
2021,TMC/TMC+,Republic-CNX,133,215
2021,TMC/TMC+,Times Now-C Voter,158,215
2021,TMC/TMC+,Republic-Jan Ki Baat,113,215
2021,TMC/TMC+,P-MARQ,162,215
2021,TMC/TMC+,ETG Research,170,215
2021,TMC/TMC+,India Today-Axis My India,143,215
2021,TMC/TMC+,India TV-PP,76,215
2021,TMC/TMC+,India News-JKB,113,215
2021,TMC/TMC+,POLL STRAT,147,215
2021,TMC/TMC+,Janmat Polls,200,215
2021,TMC/TMC+,JVC,142,215
2021,TMC/TMC+,Matrize,142,215
2021,TMC/TMC+,NDTV POLL OF POLLS,142,215
2021,TMC/TMC+,P-Marc,128,215
2021,TMC/TMC+,Peoples Pulse,182,215
2021,TMC/TMC+,Poll Diary,113,215
2021,TMC/TMC+,Praja Poll,98,215
2021,TMC/TMC+,Today's Chanakya,100,215
2021,BJP/BJP+,ABP-C Voter,115,77
2021,BJP/BJP+,Republic-CNX,143,77
2021,BJP/BJP+,Times Now-C Voter,115,77
2021,BJP/BJP+,Republic-Jan Ki Baat,174,77
2021,BJP/BJP+,P-MARQ,122,77
2021,BJP/BJP+,ETG Research,110,77
2021,BJP/BJP+,India Today-Axis My India,147,77
2021,BJP/BJP+,India TV-PP,183,77
2021,BJP/BJP+,India News-JKB,174,77
2021,BJP/BJP+,POLL STRAT,130,77
2021,BJP/BJP+,Janmat Polls,85,77
2021,BJP/BJP+,JVC,149,77
2021,BJP/BJP+,Matrize,154,77
2021,BJP/BJP+,NDTV POLL OF POLLS,143,77
2021,BJP/BJP+,P-Marc,163,77
2021,BJP/BJP+,Peoples Pulse,100,77
2021,BJP/BJP+,Poll Diary,157,77
2021,BJP/BJP+,Praja Poll,193,77
2021,BJP/BJP+,Today's Chanakya,192,77
2021,CONG+LEFT+,ABP-C Voter,20,0
2021,CONG+LEFT+,Republic-CNX,16,0
2021,CONG+LEFT+,Times Now-C Voter,19,0
2021,CONG+LEFT+,Republic-Jan Ki Baat,6,0
2021,CONG+LEFT+,P-MARQ,13,0
2021,CONG+LEFT+,ETG Research,13,0
2021,CONG+LEFT+,India Today-Axis My India,1,0
2021,CONG+LEFT+,India TV-PP,10,0
2021,CONG+LEFT+,India News-JKB,6,0
2021,CONG+LEFT+,POLL STRAT,21,0
2021,CONG+LEFT+,Janmat Polls,3,0
2021,CONG+LEFT+,JVC,2,0
2021,CONG+LEFT+,Matrize,0,0
2021,CONG+LEFT+,NDTV POLL OF POLLS,2,0
2021,CONG+LEFT+,P-Marc,0,0
2021,CONG+LEFT+,Peoples Pulse,3,0
2021,CONG+LEFT+,Poll Diary,6,0
2021,CONG+LEFT+,Praja Poll,0,0
2021,CONG+LEFT+,Today's Chanakya,0,0